{
  "project_info": {
    "project_number": "1082891195405",
    "firebase_url": "https://news-app-cd499-default-rtdb.firebaseio.com",
    "project_id": "news-app-cd499",
    "storage_bucket": "news-app-cd499.appspot.com"
  },
  "client": [
    {
      "client_info": {
        "mobilesdk_app_id": "1:1082891195405:android:2a957b2181620aa574b144",
        "android_client_info": {
          "package_name": "com.example.newsapp"
        }
      },
      "oauth_client": [
        {
          "client_id": "1082891195405-hjoe22ckclceba7mco8h62r11hbck6rk.apps.googleusercontent.com",
          "client_type": 3
        }
      ],
      "api_key": [
        {
          "current_key": "AIzaSyAPfRS5XHgAtTvU_Gz6vPbLyZrbQIm_AQ8"
        }
      ],
      "services": {
        "appinvite_service": {
          "other_platform_oauth_client": [
            {
              "client_id": "1082891195405-25ecvc7mf1vm2e37lbk5lggai4ajh1ta.apps.googleusercontent.com",
              "client_type": 3
            }
          ]
        }
      }
    },
    {
      "client_info": {
        "mobilesdk_app_id": "1:1082891195405:android:a62e293ebd58601d74b144",
        "android_client_info": {
          "package_name": "com.example.notjanknewsapp"
        }
      },
      "oauth_client": [
        {
          "client_id": "1082891195405-hjoe22ckclceba7mco8h62r11hbck6rk.apps.googleusercontent.com",
          "client_type": 3
        }
      ],
      "api_key": [
        {
          "current_key": "AIzaSyAPfRS5XHgAtTvU_Gz6vPbLyZrbQIm_AQ8"
        }
      ],
      "services": {
        "appinvite_service": {
          "other_platform_oauth_client": [
            {
              "client_id": "1082891195405-25ecvc7mf1vm2e37lbk5lggai4ajh1ta.apps.googleusercontent.com",
              "client_type": 3
            }
          ]
        }
      }
    }
  ],
  "configuration_version": "1"
}